X,Sequence,P_Wat,P_Int,P_TM,X.1,id,1,2,3,4,5,6,7,8,9,10,11,12,13,14,15,16,17,18,19,20,21,22,23,24
0,AAAAAAALAAALAAAAAAA,0.837327139,0.036951867,0.125720994,,1,0.894736842105263,0,0,0,0,0,0,0,0,0.105263157894737,0,0,0,0,0,0,0,0,0,0,2.01052631578947,19,5.56999944595111,0.0761541845416631
1,AAAAAAALAAALAAAAAAA,0.781504549,0.016731664,0.201763787,,1,0.894736842105263,0,0,0,0,0,0,0,0,0.105263157894737,0,0,0,0,0,0,0,0,0,0,2.01052631578947,19,5.56999944595111,0.0761541845416631
2,AAAAAAALAAALAAAAAAA,0.662551797,0.096840209,0.240607994,,1,0.894736842105263,0,0,0,0,0,0,0,0,0.105263157894737,0,0,0,0,0,0,0,0,0,0,2.01052631578947,19,5.56999944595111,0.0761541845416631
3,AAAAAAALALALAAAAAAA,0.57924115,0.045193407,0.375565443,,2,0.842105263157895,0,0,0,0,0,0,0,0,0.157894736842105,0,0,0,0,0,0,0,0,0,0,2.11578947368421,19,5.56999944595111,0.0529962898048209
4,AAAAAAALALALAAAAAAA,0.585824827,0.013546738,0.400628435,,2,0.842105263157895,0,0,0,0,0,0,0,0,0.157894736842105,0,0,0,0,0,0,0,0,0,0,2.11578947368421,19,5.56999944595111,0.0529962898048209
5,AAAAAAALALALAAAAAAA,0.536658106,0.068049781,0.395292112,,2,0.842105263157895,0,0,0,0,0,0,0,0,0.157894736842105,0,0,0,0,0,0,0,0,0,0,2.11578947368421,19,5.56999944595111,0.0529962898048209
6,AAALAALAAAAALAALAAA,0.2084714,0.048349945,0.743178655,,3,0.789473684210526,0,0,0,0,0,0,0,0,0.210526315789474,0,0,0,0,0,0,0,0,0,0,2.22105263157895,19,5.56999944595111,0.0326315789473684
8,AAALAALAAAAALAALAAA,0.392596005,0.01937759,0.588026406,,3,0.789473684210526,0,0,0,0,0,0,0,0,0.210526315789474,0,0,0,0,0,0,0,0,0,0,2.22105263157895,19,5.56999944595111,0.0326315789473684
9,AAAALALAAAAALALAAAA,0.413434971,0.036120834,0.550444194,,4,0.789473684210526,0,0,0,0,0,0,0,0,0.210526315789474,0,0,0,0,0,0,0,0,0,0,2.22105263157895,19,5.56999944595111,0.0449536373655105
10,AAAALALAAAAALALAAAA,0.425722869,0.024765185,0.549511946,,4,0.789473684210526,0,0,0,0,0,0,0,0,0.210526315789474,0,0,0,0,0,0,0,0,0,0,2.22105263157895,19,5.56999944595111,0.0449536373655105
11,AAAALALAAAAALALAAAA,0.390752883,0.034151882,0.575095235,,4,0.789473684210526,0,0,0,0,0,0,0,0,0.210526315789474,0,0,0,0,0,0,0,0,0,0,2.22105263157895,19,5.56999944595111,0.0449536373655105
12,AAALAALAALAALAALAAA,0.189158511,0.043870783,0.766970705,,5,0.736842105263158,0,0,0,0,0,0,0,0,0.263157894736842,0,0,0,0,0,0,0,0,0,0,2.32631578947368,19,5.56999944595111,0.00947368421052629
13,AAALAALAALAALAALAAA,0.29943411,0.002041194,0.698524697,,5,0.736842105263158,0,0,0,0,0,0,0,0,0.263157894736842,0,0,0,0,0,0,0,0,0,0,2.32631578947368,19,5.56999944595111,0.00947368421052629
14,AAALAALAALAALAALAAA,0.29943411,0.002041194,0.698524697,,5,0.736842105263158,0,0,0,0,0,0,0,0,0.263157894736842,0,0,0,0,0,0,0,0,0,0,2.32631578947368,19,5.56999944595111,0.00947368421052629
15,AAALAALAALAALAALAAA,0.3246294,0.015454485,0.659916116,,5,0.736842105263158,0,0,0,0,0,0,0,0,0.263157894736842,0,0,0,0,0,0,0,0,0,0,2.32631578947368,19,5.56999944595111,0.00947368421052629
16,WARYADWLFTAAALLLLDLLALLV,0.022982131,0.561392884,0.415624984,,6,0.25,0,0.0833333333333333,0,0.0416666666666667,0,0,0,0,0.375,0,0,0,0,0.0416666666666667,0,0.0416666666666667,0.0416666666666667,0.0833333333333333,0.0416666666666667,1.52916666666667,24,4.20782482429066,0.291209618134049
17,WARYADWLFTAAALLLLDLLALLV,0.033427708,0.627130188,0.339442104,,6,0.25,0,0.0833333333333333,0,0.0416666666666667,0,0,0,0,0.375,0,0,0,0,0.0416666666666667,0,0.0416666666666667,0.0416666666666667,0.0833333333333333,0.0416666666666667,1.52916666666667,24,4.20782482429066,0.291209618134049
18,WARYADWLFTAAALLLLDLLALLV,0.040190172,0.681513063,0.278296765,,6,0.25,0,0.0833333333333333,0,0.0416666666666667,0,0,0,0,0.375,0,0,0,0,0.0416666666666667,0,0.0416666666666667,0.0416666666666667,0.0833333333333333,0.0416666666666667,1.52916666666667,24,4.20782482429066,0.291209618134049
19,WARYADWLFTAAALLLLDLLALLV,0.025594719,0.657417528,0.316987753,,6,0.25,0,0.0833333333333333,0,0.0416666666666667,0,0,0,0,0.375,0,0,0,0,0.0416666666666667,0,0.0416666666666667,0.0416666666666667,0.0833333333333333,0.0416666666666667,1.52916666666667,24,4.20782482429066,0.291209618134049
20,WARYADWLFTAAALLLLDLLALLV,0.02417941,0.667443611,0.308376979,,6,0.25,0,0.0833333333333333,0,0.0416666666666667,0,0,0,0,0.375,0,0,0,0,0.0416666666666667,0,0.0416666666666667,0.0416666666666667,0.0833333333333333,0.0416666666666667,1.52916666666667,24,4.20782482429066,0.291209618134049
21,WARYADWLFTAAALLLLDLLALLV,0.029328683,0.49128019,0.479391126,,6,0.25,0,0.0833333333333333,0,0.0416666666666667,0,0,0,0,0.375,0,0,0,0,0.0416666666666667,0,0.0416666666666667,0.0416666666666667,0.0833333333333333,0.0416666666666667,1.52916666666667,24,4.20782482429066,0.291209618134049
22,WARYADWLFTAAALLLLDLLALLV,0.011501096,0.53802882,0.450470084,,6,0.25,0,0.0833333333333333,0,0.0416666666666667,0,0,0,0,0.375,0,0,0,0,0.0416666666666667,0,0.0416666666666667,0.0416666666666667,0.0833333333333333,0.0416666666666667,1.52916666666667,24,4.20782482429066,0.291209618134049
23,WARYADWLFTAAGLLLLDLLALLV,0.069806601,0.495179207,0.435014192,,7,0.208333333333333,0,0.0833333333333333,0,0.0416666666666667,0.0416666666666667,0,0,0,0.375,0,0,0,0,0.0416666666666667,0,0.0416666666666667,0.0416666666666667,0.0833333333333333,0.0416666666666667,1.4375,24,4.20782482429066,0.291348544799867
24,WARYADWLFTAAGLLLLDLLALLV,0.079859872,0.637211919,0.282928209,,7,0.208333333333333,0,0.0833333333333333,0,0.0416666666666667,0.0416666666666667,0,0,0,0.375,0,0,0,0,0.0416666666666667,0,0.0416666666666667,0.0416666666666667,0.0833333333333333,0.0416666666666667,1.4375,24,4.20782482429066,0.291348544799867
25,WARYADWLFTAAGLLLLDLLALLV,0.078363135,0.565048498,0.356588367,,7,0.208333333333333,0,0.0833333333333333,0,0.0416666666666667,0.0416666666666667,0,0,0,0.375,0,0,0,0,0.0416666666666667,0,0.0416666666666667,0.0416666666666667,0.0833333333333333,0.0416666666666667,1.4375,24,4.20782482429066,0.291348544799867
26,WARYADWLFTAAGLLLLDLLALLV,0.050403595,0.54689031,0.402706094,,7,0.208333333333333,0,0.0833333333333333,0,0.0416666666666667,0.0416666666666667,0,0,0,0.375,0,0,0,0,0.0416666666666667,0,0.0416666666666667,0.0416666666666667,0.0833333333333333,0.0416666666666667,1.4375,24,4.20782482429066,0.291348544799867
27,WARYADWLFTAGALLLLDLLALLV,0.086551147,0.483334642,0.430114211,,8,0.208333333333333,0,0.0833333333333333,0,0.0416666666666667,0.0416666666666667,0,0,0,0.375,0,0,0,0,0.0416666666666667,0,0.0416666666666667,0.0416666666666667,0.0833333333333333,0.0416666666666667,1.4375,24,4.20782482429066,0.285452995530852
28,WARYADWLFTAGALLLLDLLALLV,0.065045128,0.487629267,0.447325604,,8,0.208333333333333,0,0.0833333333333333,0,0.0416666666666667,0.0416666666666667,0,0,0,0.375,0,0,0,0,0.0416666666666667,0,0.0416666666666667,0.0416666666666667,0.0833333333333333,0.0416666666666667,1.4375,24,4.20782482429066,0.285452995530852
29,WARYADWLFTAGALLLLDLLALLV,0.115055913,0.489302731,0.395641356,,8,0.208333333333333,0,0.0833333333333333,0,0.0416666666666667,0.0416666666666667,0,0,0,0.375,0,0,0,0,0.0416666666666667,0,0.0416666666666667,0.0416666666666667,0.0833333333333333,0.0416666666666667,1.4375,24,4.20782482429066,0.285452995530852
30,WARYADWLFTAGALLLLDLLALLV,0.052734043,0.414174315,0.533091643,,8,0.208333333333333,0,0.0833333333333333,0,0.0416666666666667,0.0416666666666667,0,0,0,0.375,0,0,0,0,0.0416666666666667,0,0.0416666666666667,0.0416666666666667,0.0833333333333333,0.0416666666666667,1.4375,24,4.20782482429066,0.285452995530852
31,WARYADWLFTAGGLLLLDLLALLV,0.342824974,0.219372924,0.437802101,,9,0.166666666666667,0,0.0833333333333333,0,0.0416666666666667,0.0833333333333333,0,0,0,0.375,0,0,0,0,0.0416666666666667,0,0.0416666666666667,0.0416666666666667,0.0833333333333333,0.0416666666666667,1.34583333333333,24,4.20782482429066,0.285574032078471
32,WARYADWLFTAGGLLLLDLLALLV,0.325537633,0.382132717,0.292329651,,9,0.166666666666667,0,0.0833333333333333,0,0.0416666666666667,0.0833333333333333,0,0,0,0.375,0,0,0,0,0.0416666666666667,0,0.0416666666666667,0.0416666666666667,0.0833333333333333,0.0416666666666667,1.34583333333333,24,4.20782482429066,0.285574032078471
33,WARYADWLFTAGGLLLLDLLALLV,0.296592498,0.343696793,0.35971071,,9,0.166666666666667,0,0.0833333333333333,0,0.0416666666666667,0.0833333333333333,0,0,0,0.375,0,0,0,0,0.0416666666666667,0,0.0416666666666667,0.0416666666666667,0.0833333333333333,0.0416666666666667,1.34583333333333,24,4.20782482429066,0.285574032078471
34,WARYADWLFTAGGLLLLDLLALLV,0.238513237,0.361430811,0.400055953,,9,0.166666666666667,0,0.0833333333333333,0,0.0416666666666667,0.0833333333333333,0,0,0,0.375,0,0,0,0,0.0416666666666667,0,0.0416666666666667,0.0416666666666667,0.0833333333333333,0.0416666666666667,1.34583333333333,24,4.20782482429066,0.285574032078471
35,WARYADWLFTCCCLLLLDLLALLV,0.075451868,0.557360851,0.367187282,,10,0.125,0.125,0.0833333333333333,0,0.0416666666666667,0,0,0,0,0.375,0,0,0,0,0.0416666666666667,0,0.0416666666666667,0.0416666666666667,0.0833333333333333,0.0416666666666667,1.61666666666667,24,4.20779372747094,0.282354268097475
36,WARYADWLFTCCCLLLLDLLALLV,0.059581217,0.58485167,0.355567112,,10,0.125,0.125,0.0833333333333333,0,0.0416666666666667,0,0,0,0,0.375,0,0,0,0,0.0416666666666667,0,0.0416666666666667,0.0416666666666667,0.0833333333333333,0.0416666666666667,1.61666666666667,24,4.20779372747094,0.282354268097475
37,WARYADWLFTCCCLLLLDLLALLV,0.039316416,0.599660281,0.361023303,,10,0.125,0.125,0.0833333333333333,0,0.0416666666666667,0,0,0,0,0.375,0,0,0,0,0.0416666666666667,0,0.0416666666666667,0.0416666666666667,0.0833333333333333,0.0416666666666667,1.61666666666667,24,4.20779372747094,0.282354268097475
38,WARYADWLFTCCCLLLLDLLALLV,0.018199734,0.51364092,0.468159345,,10,0.125,0.125,0.0833333333333333,0,0.0416666666666667,0,0,0,0,0.375,0,0,0,0,0.0416666666666667,0,0.0416666666666667,0.0416666666666667,0.0833333333333333,0.0416666666666667,1.61666666666667,24,4.20779372747094,0.282354268097475
39,WARYADWLFTDDDLLLLDLLALLV,0.665112006,0.169241519,0.165646475,,11,0.125,0,0.208333333333333,0,0.0416666666666667,0,0,0,0,0.375,0,0,0,0,0.0416666666666667,0,0.0416666666666667,0.0416666666666667,0.0833333333333333,0.0416666666666667,0.866666666666667,24,3.6564414839483,0.2504918870389
40,WARYADWLFTDDDLLLLDLLALLV,0.638350438,0.11301708,0.248632482,,11,0.125,0,0.208333333333333,0,0.0416666666666667,0,0,0,0,0.375,0,0,0,0,0.0416666666666667,0,0.0416666666666667,0.0416666666666667,0.0833333333333333,0.0416666666666667,0.866666666666667,24,3.6564414839483,0.2504918870389
41,WARYADWLFTDDDLLLLDLLALLV,0.663565885,0.086033909,0.250400206,,11,0.125,0,0.208333333333333,0,0.0416666666666667,0,0,0,0,0.375,0,0,0,0,0.0416666666666667,0,0.0416666666666667,0.0416666666666667,0.0833333333333333,0.0416666666666667,0.866666666666667,24,3.6564414839483,0.2504918870389
42,WARYADWLFTDDDLLLLDLLALLV,0.472086926,0.093644367,0.434268707,,11,0.125,0,0.208333333333333,0,0.0416666666666667,0,0,0,0,0.375,0,0,0,0,0.0416666666666667,0,0.0416666666666667,0.0416666666666667,0.0833333333333333,0.0416666666666667,0.866666666666667,24,3.6564414839483,0.2504918870389
43,WARYADWLFTEEELLLLDLLALLV,0.693728327,0.057181424,0.249090249,,12,0.125,0,0.0833333333333333,0.125,0.0416666666666667,0,0,0,0,0.375,0,0,0,0,0.0416666666666667,0,0.0416666666666667,0.0416666666666667,0.0833333333333333,0.0416666666666667,0.866666666666667,24,3.83430622228811,0.254768558006917
44,WARYADWLFTEEELLLLDLLALLV,0.728806871,0.027299105,0.243894023,,12,0.125,0,0.0833333333333333,0.125,0.0416666666666667,0,0,0,0,0.375,0,0,0,0,0.0416666666666667,0,0.0416666666666667,0.0416666666666667,0.0833333333333333,0.0416666666666667,0.866666666666667,24,3.83430622228811,0.254768558006917
45,WARYADWLFTEEELLLLDLLALLV,0.718750596,0.040677713,0.240571691,,12,0.125,0,0.0833333333333333,0.125,0.0416666666666667,0,0,0,0,0.375,0,0,0,0,0.0416666666666667,0,0.0416666666666667,0.0416666666666667,0.0833333333333333,0.0416666666666667,0.866666666666667,24,3.83430622228811,0.254768558006917
46,WARYADWLFTEEELLLLDLLALLV,0.52292378,0.07822962,0.3988466,,12,0.125,0,0.0833333333333333,0.125,0.0416666666666667,0,0,0,0,0.375,0,0,0,0,0.0416666666666667,0,0.0416666666666667,0.0416666666666667,0.0833333333333333,0.0416666666666667,0.866666666666667,24,3.83430622228811,0.254768558006917
47,WARYADWLFTFFFLLLLDLLALLV,0.050267863,0.498697967,0.45103417,,13,0.125,0,0.0833333333333333,0,0.166666666666667,0,0,0,0,0.375,0,0,0,0,0.0416666666666667,0,0.0416666666666667,0.0416666666666667,0.0833333333333333,0.0416666666666667,1.65416666666667,24,4.20782482429066,0.306521571837369
48,WARYADWLFTFFFLLLLDLLALLV,0.097812903,0.540420787,0.36176631,,13,0.125,0,0.0833333333333333,0,0.166666666666667,0,0,0,0,0.375,0,0,0,0,0.0416666666666667,0,0.0416666666666667,0.0416666666666667,0.0833333333333333,0.0416666666666667,1.65416666666667,24,4.20782482429066,0.306521571837369
49,WARYADWLFTFFFLLLLDLLALLV,0.097150137,0.533527419,0.369322444,,13,0.125,0,0.0833333333333333,0,0.166666666666667,0,0,0,0,0.375,0,0,0,0,0.0416666666666667,0,0.0416666666666667,0.0416666666666667,0.0833333333333333,0.0416666666666667,1.65416666666667,24,4.20782482429066,0.306521571837369
50,WARYADWLFTFFFLLLLDLLALLV,0.022437418,0.541156459,0.436406123,,13,0.125,0,0.0833333333333333,0,0.166666666666667,0,0,0,0,0.375,0,0,0,0,0.0416666666666667,0,0.0416666666666667,0.0416666666666667,0.0833333333333333,0.0416666666666667,1.65416666666667,24,4.20782482429066,0.306521571837369
51,WARYADWLFTGAALLLLDLLALLV,0.070969035,0.520980469,0.408050496,,14,0.208333333333333,0,0.0833333333333333,0,0.0416666666666667,0.0416666666666667,0,0,0,0.375,0,0,0,0,0.0416666666666667,0,0.0416666666666667,0.0416666666666667,0.0833333333333333,0.0416666666666667,1.4375,24,4.20782482429066,0.293180622099522
52,WARYADWLFTGAALLLLDLLALLV,0.060752105,0.515493139,0.423754756,,14,0.208333333333333,0,0.0833333333333333,0,0.0416666666666667,0.0416666666666667,0,0,0,0.375,0,0,0,0,0.0416666666666667,0,0.0416666666666667,0.0416666666666667,0.0833333333333333,0.0416666666666667,1.4375,24,4.20782482429066,0.293180622099522
53,WARYADWLFTGAALLLLDLLALLV,0.055516078,0.606727508,0.337756414,,14,0.208333333333333,0,0.0833333333333333,0,0.0416666666666667,0.0416666666666667,0,0,0,0.375,0,0,0,0,0.0416666666666667,0,0.0416666666666667,0.0416666666666667,0.0833333333333333,0.0416666666666667,1.4375,24,4.20782482429066,0.293180622099522
54,WARYADWLFTGAALLLLDLLALLV,0.026024987,0.477595117,0.496379897,,14,0.208333333333333,0,0.0833333333333333,0,0.0416666666666667,0.0416666666666667,0,0,0,0.375,0,0,0,0,0.0416666666666667,0,0.0416666666666667,0.0416666666666667,0.0833333333333333,0.0416666666666667,1.4375,24,4.20782482429066,0.293180622099522
55,WARYADWLFTGAGLLLLDLLALLV,0.23717468,0.349558632,0.413266689,,15,0.166666666666667,0,0.0833333333333333,0,0.0416666666666667,0.0833333333333333,0,0,0,0.375,0,0,0,0,0.0416666666666667,0,0.0416666666666667,0.0416666666666667,0.0833333333333333,0.0416666666666667,1.34583333333333,24,4.20782482429066,0.293209581587173
56,WARYADWLFTGAGLLLLDLLALLV,0.221275383,0.489009585,0.289715032,,15,0.166666666666667,0,0.0833333333333333,0,0.0416666666666667,0.0833333333333333,0,0,0,0.375,0,0,0,0,0.0416666666666667,0,0.0416666666666667,0.0416666666666667,0.0833333333333333,0.0416666666666667,1.34583333333333,24,4.20782482429066,0.293209581587173
57,WARYADWLFTGAGLLLLDLLALLV,0.273291375,0.452556812,0.274151813,,15,0.166666666666667,0,0.0833333333333333,0,0.0416666666666667,0.0833333333333333,0,0,0,0.375,0,0,0,0,0.0416666666666667,0,0.0416666666666667,0.0416666666666667,0.0833333333333333,0.0416666666666667,1.34583333333333,24,4.20782482429066,0.293209581587173
58,WARYADWLFTGAGLLLLDLLALLV,0.170456485,0.436631994,0.392911521,,15,0.166666666666667,0,0.0833333333333333,0,0.0416666666666667,0.0833333333333333,0,0,0,0.375,0,0,0,0,0.0416666666666667,0,0.0416666666666667,0.0416666666666667,0.0833333333333333,0.0416666666666667,1.34583333333333,24,4.20782482429066,0.293209581587173
59,WARYADWLFTGGALLLLDLLALLV,0.12844733,0.373248019,0.498304651,,16,0.166666666666667,0,0.0833333333333333,0,0.0416666666666667,0.0833333333333333,0,0,0,0.375,0,0,0,0,0.0416666666666667,0,0.0416666666666667,0.0416666666666667,0.0833333333333333,0.0416666666666667,1.34583333333333,24,4.20782482429066,0.287442916794306
60,WARYADWLFTGGALLLLDLLALLV,0.203502127,0.455094676,0.341403196,,16,0.166666666666667,0,0.0833333333333333,0,0.0416666666666667,0.0833333333333333,0,0,0,0.375,0,0,0,0,0.0416666666666667,0,0.0416666666666667,0.0416666666666667,0.0833333333333333,0.0416666666666667,1.34583333333333,24,4.20782482429066,0.287442916794306
61,WARYADWLFTGGALLLLDLLALLV,0.25947224,0.422105335,0.318422424,,16,0.166666666666667,0,0.0833333333333333,0,0.0416666666666667,0.0833333333333333,0,0,0,0.375,0,0,0,0,0.0416666666666667,0,0.0416666666666667,0.0416666666666667,0.0833333333333333,0.0416666666666667,1.34583333333333,24,4.20782482429066,0.287442916794306
62,WARYADWLFTGGALLLLDLLALLV,0.171834792,0.394244307,0.433920901,,16,0.166666666666667,0,0.0833333333333333,0,0.0416666666666667,0.0833333333333333,0,0,0,0.375,0,0,0,0,0.0416666666666667,0,0.0416666666666667,0.0416666666666667,0.0833333333333333,0.0416666666666667,1.34583333333333,24,4.20782482429066,0.287442916794306
63,WARYADWLFTGGGLLLLDLLALLV,0.302577421,0.242371452,0.455051127,,17,0.125,0,0.0833333333333333,0,0.0416666666666667,0.125,0,0,0,0.375,0,0,0,0,0.0416666666666667,0,0.0416666666666667,0.0416666666666667,0.0833333333333333,0.0416666666666667,1.25416666666667,24,4.20782482429066,0.287451899022912
64,WARYADWLFTGGGLLLLDLLALLV,0.569281538,0.257864468,0.172853994,,17,0.125,0,0.0833333333333333,0,0.0416666666666667,0.125,0,0,0,0.375,0,0,0,0,0.0416666666666667,0,0.0416666666666667,0.0416666666666667,0.0833333333333333,0.0416666666666667,1.25416666666667,24,4.20782482429066,0.287451899022912
65,WARYADWLFTGGGLLLLDLLALLV,0.530989356,0.254005715,0.21500493,,17,0.125,0,0.0833333333333333,0,0.0416666666666667,0.125,0,0,0,0.375,0,0,0,0,0.0416666666666667,0,0.0416666666666667,0.0416666666666667,0.0833333333333333,0.0416666666666667,1.25416666666667,24,4.20782482429066,0.287451899022912
66,WARYADWLFTGGGLLLLDLLALLV,0.575080044,0.252824826,0.17209513,,17,0.125,0,0.0833333333333333,0,0.0416666666666667,0.125,0,0,0,0.375,0,0,0,0,0.0416666666666667,0,0.0416666666666667,0.0416666666666667,0.0833333333333333,0.0416666666666667,1.25416666666667,24,4.20782482429066,0.287451899022912
67,WARYADWLFTGGGLLLLDLLALLV,0.537444933,0.263365531,0.199189536,,17,0.125,0,0.0833333333333333,0,0.0416666666666667,0.125,0,0,0,0.375,0,0,0,0,0.0416666666666667,0,0.0416666666666667,0.0416666666666667,0.0833333333333333,0.0416666666666667,1.25416666666667,24,4.20782482429066,0.287451899022912
68,WARYADWLFTGGGLLLLDLLALLV,0.351378446,0.260068708,0.388552845,,17,0.125,0,0.0833333333333333,0,0.0416666666666667,0.125,0,0,0,0.375,0,0,0,0,0.0416666666666667,0,0.0416666666666667,0.0416666666666667,0.0833333333333333,0.0416666666666667,1.25416666666667,24,4.20782482429066,0.287451899022912
69,WARYADWLFTGGGLLLLDLLALLV,0.376605962,0.275725077,0.34766896,,17,0.125,0,0.0833333333333333,0,0.0416666666666667,0.125,0,0,0,0.375,0,0,0,0,0.0416666666666667,0,0.0416666666666667,0.0416666666666667,0.0833333333333333,0.0416666666666667,1.25416666666667,24,4.20782482429066,0.287451899022912
70,WARYADWLFTHHHLLLLDLLALLV,0.670760681,0.105062292,0.224177027,,18,0.125,0,0.0833333333333333,0,0.0416666666666667,0,0.125,0,0,0.375,0,0,0,0,0.0416666666666667,0,0.0416666666666667,0.0416666666666667,0.0833333333333333,0.0416666666666667,0.904166666666666,24,6.25541361400199,0.263864592661745
71,WARYADWLFTHHHLLLLDLLALLV,0.664723564,0.095308365,0.239968071,,18,0.125,0,0.0833333333333333,0,0.0416666666666667,0,0.125,0,0,0.375,0,0,0,0,0.0416666666666667,0,0.0416666666666667,0.0416666666666667,0.0833333333333333,0.0416666666666667,0.904166666666666,24,6.25541361400199,0.263864592661745
72,WARYADWLFTHHHLLLLDLLALLV,0.675576462,0.073995406,0.250428133,,18,0.125,0,0.0833333333333333,0,0.0416666666666667,0,0.125,0,0,0.375,0,0,0,0,0.0416666666666667,0,0.0416666666666667,0.0416666666666667,0.0833333333333333,0.0416666666666667,0.904166666666666,24,6.25541361400199,0.263864592661745
73,WARYADWLFTHHHLLLLDLLALLV,0.511696832,0.101248482,0.387054686,,18,0.125,0,0.0833333333333333,0,0.0416666666666667,0,0.125,0,0,0.375,0,0,0,0,0.0416666666666667,0,0.0416666666666667,0.0416666666666667,0.0833333333333333,0.0416666666666667,0.904166666666666,24,6.25541361400199,0.263864592661745
74,WARYADWLFTIIILLLLDLLALLV,0.022784619,0.318733382,0.658481998,,19,0.125,0,0.0833333333333333,0,0.0416666666666667,0,0,0.125,0,0.375,0,0,0,0,0.0416666666666667,0,0.0416666666666667,0.0416666666666667,0.0833333333333333,0.0416666666666667,1.86666666666667,24,4.20782482429066,0.311629726007528
75,WARYADWLFTIIILLLLDLLALLV,0.05378994,0.392660426,0.553549633,,19,0.125,0,0.0833333333333333,0,0.0416666666666667,0,0,0.125,0,0.375,0,0,0,0,0.0416666666666667,0,0.0416666666666667,0.0416666666666667,0.0833333333333333,0.0416666666666667,1.86666666666667,24,4.20782482429066,0.311629726007528
76,WARYADWLFTIIILLLLDLLALLV,0.017075919,0.442374578,0.540549504,,19,0.125,0,0.0833333333333333,0,0.0416666666666667,0,0,0.125,0,0.375,0,0,0,0,0.0416666666666667,0,0.0416666666666667,0.0416666666666667,0.0833333333333333,0.0416666666666667,1.86666666666667,24,4.20782482429066,0.311629726007528
77,WARYADWLFTIIILLLLDLLALLV,0.010659951,0.457326499,0.53201355,,19,0.125,0,0.0833333333333333,0,0.0416666666666667,0,0,0.125,0,0.375,0,0,0,0,0.0416666666666667,0,0.0416666666666667,0.0416666666666667,0.0833333333333333,0.0416666666666667,1.86666666666667,24,4.20782482429066,0.311629726007528
78,WARYADWLFTKKKLLLLDLLALLV,0.703311453,0.226657932,0.070030615,,20,0.125,0,0.0833333333333333,0,0.0416666666666667,0,0,0,0.125,0.375,0,0,0,0,0.0416666666666667,0,0.0416666666666667,0.0416666666666667,0.0833333333333333,0.0416666666666667,0.816666666666667,24,9.52633153706318,0.234478848490605
79,WARYADWLFTKKKLLLLDLLALLV,0.668694852,0.21411995,0.117185199,,20,0.125,0,0.0833333333333333,0,0.0416666666666667,0,0,0,0.125,0.375,0,0,0,0,0.0416666666666667,0,0.0416666666666667,0.0416666666666667,0.0833333333333333,0.0416666666666667,0.816666666666667,24,9.52633153706318,0.234478848490605
80,WARYADWLFTKKKLLLLDLLALLV,0.634923951,0.207986476,0.157089574,,20,0.125,0,0.0833333333333333,0,0.0416666666666667,0,0,0,0.125,0.375,0,0,0,0,0.0416666666666667,0,0.0416666666666667,0.0416666666666667,0.0833333333333333,0.0416666666666667,0.816666666666667,24,9.52633153706318,0.234478848490605
81,WARYADWLFTKKKLLLLDLLALLV,0.508844345,0.132902515,0.35825314,,20,0.125,0,0.0833333333333333,0,0.0416666666666667,0,0,0,0.125,0.375,0,0,0,0,0.0416666666666667,0,0.0416666666666667,0.0416666666666667,0.0833333333333333,0.0416666666666667,0.816666666666667,24,9.52633153706318,0.234478848490605
82,WARYADWLFTLLLLLLLDLLALLV,0.012524256,0.39022717,0.597248574,,21,0.125,0,0.0833333333333333,0,0.0416666666666667,0,0,0,0,0.5,0,0,0,0,0.0416666666666667,0,0.0416666666666667,0.0416666666666667,0.0833333333333333,0.0416666666666667,1.77916666666667,24,4.20782482429066,0.303027673329307
83,WARYADWLFTLLLLLLLDLLALLV,0.028877493,0.448052217,0.52307029,,21,0.125,0,0.0833333333333333,0,0.0416666666666667,0,0,0,0,0.5,0,0,0,0,0.0416666666666667,0,0.0416666666666667,0.0416666666666667,0.0833333333333333,0.0416666666666667,1.77916666666667,24,4.20782482429066,0.303027673329307
84,WARYADWLFTLLLLLLLDLLALLV,0.029295741,0.492948695,0.477755564,,21,0.125,0,0.0833333333333333,0,0.0416666666666667,0,0,0,0,0.5,0,0,0,0,0.0416666666666667,0,0.0416666666666667,0.0416666666666667,0.0833333333333333,0.0416666666666667,1.77916666666667,24,4.20782482429066,0.303027673329307
85,WARYADWLFTLLLLLLLDLLALLV,0.005497113,0.421107733,0.573395153,,21,0.125,0,0.0833333333333333,0,0.0416666666666667,0,0,0,0,0.5,0,0,0,0,0.0416666666666667,0,0.0416666666666667,0.0416666666666667,0.0833333333333333,0.0416666666666667,1.77916666666667,24,4.20782482429066,0.303027673329307
86,WARYADWLFTMMMLLLLDLLALLV,0.024393846,0.599097917,0.376508238,,22,0.125,0,0.0833333333333333,0,0.0416666666666667,0,0,0,0,0.375,0.125,0,0,0,0.0416666666666667,0,0.0416666666666667,0.0416666666666667,0.0833333333333333,0.0416666666666667,1.54166666666667,24,4.20782482429066,0.291746540393843
87,WARYADWLFTMMMLLLLDLLALLV,0.078724834,0.61600732,0.305267846,,22,0.125,0,0.0833333333333333,0,0.0416666666666667,0,0,0,0,0.375,0.125,0,0,0,0.0416666666666667,0,0.0416666666666667,0.0416666666666667,0.0833333333333333,0.0416666666666667,1.54166666666667,24,4.20782482429066,0.291746540393843
88,WARYADWLFTMMMLLLLDLLALLV,0.114569884,0.693977828,0.191452288,,22,0.125,0,0.0833333333333333,0,0.0416666666666667,0,0,0,0,0.375,0.125,0,0,0,0.0416666666666667,0,0.0416666666666667,0.0416666666666667,0.0833333333333333,0.0416666666666667,1.54166666666667,24,4.20782482429066,0.291746540393843
89,WARYADWLFTMMMLLLLDLLALLV,0.001635421,0.594835691,0.403528888,,22,0.125,0,0.0833333333333333,0,0.0416666666666667,0,0,0,0,0.375,0.125,0,0,0,0.0416666666666667,0,0.0416666666666667,0.0416666666666667,0.0833333333333333,0.0416666666666667,1.54166666666667,24,4.20782482429066,0.291746540393843
90,WARYADWLFTNNNLLLLDLLALLV,0.788028396,0.051105436,0.160866168,,23,0.125,0,0.0833333333333333,0,0.0416666666666667,0,0,0,0,0.375,0,0.125,0,0,0.0416666666666667,0,0.0416666666666667,0.0416666666666667,0.0833333333333333,0.0416666666666667,0.866666666666667,24,4.20782482429066,0.253699152138982
91,WARYADWLFTNNNLLLLDLLALLV,0.798954925,0.033058635,0.16798644,,23,0.125,0,0.0833333333333333,0,0.0416666666666667,0,0,0,0,0.375,0,0.125,0,0,0.0416666666666667,0,0.0416666666666667,0.0416666666666667,0.0833333333333333,0.0416666666666667,0.866666666666667,24,4.20782482429066,0.253699152138982
92,WARYADWLFTNNNLLLLDLLALLV,0.798803712,0.039179889,0.162016399,,23,0.125,0,0.0833333333333333,0,0.0416666666666667,0,0,0,0,0.375,0,0.125,0,0,0.0416666666666667,0,0.0416666666666667,0.0416666666666667,0.0833333333333333,0.0416666666666667,0.866666666666667,24,4.20782482429066,0.253699152138982
93,WARYADWLFTNNNLLLLDLLALLV,0.59443155,0.017439971,0.38812848,,23,0.125,0,0.0833333333333333,0,0.0416666666666667,0,0,0,0,0.375,0,0.125,0,0,0.0416666666666667,0,0.0416666666666667,0.0416666666666667,0.0833333333333333,0.0416666666666667,0.866666666666667,24,4.20782482429066,0.253699152138982
94,WARYADWLFTPPPLLLLDLLALLV,0.799384941,0.069083661,0.131531398,,24,0.125,0,0.0833333333333333,0,0.0416666666666667,0,0,0,0,0.375,0,0,0.125,0,0.0416666666666667,0,0.0416666666666667,0.0416666666666667,0.0833333333333333,0.0416666666666667,1.10416666666667,24,4.20782482429066,0.277795410082007
95,WARYADWLFTPPPLLLLDLLALLV,0.6899624,0.015510547,0.294527054,,24,0.125,0,0.0833333333333333,0,0.0416666666666667,0,0,0,0,0.375,0,0,0.125,0,0.0416666666666667,0,0.0416666666666667,0.0416666666666667,0.0833333333333333,0.0416666666666667,1.10416666666667,24,4.20782482429066,0.277795410082007
96,WARYADWLFTPPPLLLLDLLALLV,0.672347765,0.035856284,0.291795951,,24,0.125,0,0.0833333333333333,0,0.0416666666666667,0,0,0,0,0.375,0,0,0.125,0,0.0416666666666667,0,0.0416666666666667,0.0416666666666667,0.0833333333333333,0.0416666666666667,1.10416666666667,24,4.20782482429066,0.277795410082007
97,WARYADWLFTPPPLLLLDLLALLV,0.669061659,0.053782008,0.277156333,,24,0.125,0,0.0833333333333333,0,0.0416666666666667,0,0,0,0,0.375,0,0,0.125,0,0.0416666666666667,0,0.0416666666666667,0.0416666666666667,0.0833333333333333,0.0416666666666667,1.10416666666667,24,4.20782482429066,0.277795410082007
98,WARYADWLFTQQQLLLLDLLALLV,0.746474108,0.083282104,0.170243787,,25,0.125,0,0.0833333333333333,0,0.0416666666666667,0,0,0,0,0.375,0,0,0,0.125,0.0416666666666667,0,0.0416666666666667,0.0416666666666667,0.0833333333333333,0.0416666666666667,0.866666666666667,24,4.20782482429066,0.251828071836505
99,WARYADWLFTQQQLLLLDLLALLV,0.701802064,0.057967898,0.240230038,,25,0.125,0,0.0833333333333333,0,0.0416666666666667,0,0,0,0,0.375,0,0,0,0.125,0.0416666666666667,0,0.0416666666666667,0.0416666666666667,0.0833333333333333,0.0416666666666667,0.866666666666667,24,4.20782482429066,0.251828071836505
100,WARYADWLFTQQQLLLLDLLALLV,0.710952849,0.063320914,0.225726237,,25,0.125,0,0.0833333333333333,0,0.0416666666666667,0,0,0,0,0.375,0,0,0,0.125,0.0416666666666667,0,0.0416666666666667,0.0416666666666667,0.0833333333333333,0.0416666666666667,0.866666666666667,24,4.20782482429066,0.251828071836505
101,WARYADWLFTQQQLLLLDLLALLV,0.582065829,0.047006139,0.370928032,,25,0.125,0,0.0833333333333333,0,0.0416666666666667,0,0,0,0,0.375,0,0,0,0.125,0.0416666666666667,0,0.0416666666666667,0.0416666666666667,0.0833333333333333,0.0416666666666667,0.866666666666667,24,4.20782482429066,0.251828071836505
102,WARYADWLFTRRRLLLLDLLALLV,0.637697392,0.259645117,0.10265749,,26,0.125,0,0.0833333333333333,0,0.0416666666666667,0,0,0,0,0.375,0,0,0,0,0.166666666666667,0,0.0416666666666667,0.0416666666666667,0.0833333333333333,0.0416666666666667,0.741666666666667,24,10.6673596251735,0.207100691821203
103,WARYADWLFTRRRLLLLDLLALLV,0.560888461,0.312182651,0.126928888,,26,0.125,0,0.0833333333333333,0,0.0416666666666667,0,0,0,0,0.375,0,0,0,0,0.166666666666667,0,0.0416666666666667,0.0416666666666667,0.0833333333333333,0.0416666666666667,0.741666666666667,24,10.6673596251735,0.207100691821203
104,WARYADWLFTRRRLLLLDLLALLV,0.57425593,0.295499468,0.130244602,,26,0.125,0,0.0833333333333333,0,0.0416666666666667,0,0,0,0,0.375,0,0,0,0,0.166666666666667,0,0.0416666666666667,0.0416666666666667,0.0833333333333333,0.0416666666666667,0.741666666666667,24,10.6673596251735,0.207100691821203
105,WARYADWLFTRRRLLLLDLLALLV,0.518713963,0.229768765,0.251517272,,26,0.125,0,0.0833333333333333,0,0.0416666666666667,0,0,0,0,0.375,0,0,0,0,0.166666666666667,0,0.0416666666666667,0.0416666666666667,0.0833333333333333,0.0416666666666667,0.741666666666667,24,10.6673596251735,0.207100691821203
106,WARYADWLFTSSSLLLLDLLALLV,0.620308052,0.153026421,0.226665526,,27,0.125,0,0.0833333333333333,0,0.0416666666666667,0,0,0,0,0.375,0,0,0,0,0.0416666666666667,0.125,0.0416666666666667,0.0416666666666667,0.0833333333333333,0.0416666666666667,1.20416666666667,24,4.20782482429066,0.269755719032068
107,WARYADWLFTSSSLLLLDLLALLV,0.585068254,0.167202874,0.247728871,,27,0.125,0,0.0833333333333333,0,0.0416666666666667,0,0,0,0,0.375,0,0,0,0,0.0416666666666667,0.125,0.0416666666666667,0.0416666666666667,0.0833333333333333,0.0416666666666667,1.20416666666667,24,4.20782482429066,0.269755719032068
108,WARYADWLFTSSSLLLLDLLALLV,0.553808926,0.184955663,0.261235411,,27,0.125,0,0.0833333333333333,0,0.0416666666666667,0,0,0,0,0.375,0,0,0,0,0.0416666666666667,0.125,0.0416666666666667,0.0416666666666667,0.0833333333333333,0.0416666666666667,1.20416666666667,24,4.20782482429066,0.269755719032068
109,WARYADWLFTSSSLLLLDLLALLV,0.546549207,0.095649323,0.357801469,,27,0.125,0,0.0833333333333333,0,0.0416666666666667,0,0,0,0,0.375,0,0,0,0,0.0416666666666667,0.125,0.0416666666666667,0.0416666666666667,0.0833333333333333,0.0416666666666667,1.20416666666667,24,4.20782482429066,0.269755719032068
110,WARYADWLFTTTTLLLLDLLALLV,0.755965946,0.095880866,0.148153188,,28,0.125,0,0.0833333333333333,0,0.0416666666666667,0,0,0,0,0.375,0,0,0,0,0.0416666666666667,0,0.166666666666667,0.0416666666666667,0.0833333333333333,0.0416666666666667,1.21666666666667,24,4.20782482429066,0.27323871823279
111,WARYADWLFTTTTLLLLDLLALLV,0.738091296,0.065592262,0.196316442,,28,0.125,0,0.0833333333333333,0,0.0416666666666667,0,0,0,0,0.375,0,0,0,0,0.0416666666666667,0,0.166666666666667,0.0416666666666667,0.0833333333333333,0.0416666666666667,1.21666666666667,24,4.20782482429066,0.27323871823279
112,WARYADWLFTTTTLLLLDLLALLV,0.609578526,0.150079806,0.240341668,,28,0.125,0,0.0833333333333333,0,0.0416666666666667,0,0,0,0,0.375,0,0,0,0,0.0416666666666667,0,0.166666666666667,0.0416666666666667,0.0833333333333333,0.0416666666666667,1.21666666666667,24,4.20782482429066,0.27323871823279
113,WARYADWLFTTTTLLLLDLLALLV,0.589033252,0.08609664,0.324870108,,28,0.125,0,0.0833333333333333,0,0.0416666666666667,0,0,0,0,0.375,0,0,0,0,0.0416666666666667,0,0.166666666666667,0.0416666666666667,0.0833333333333333,0.0416666666666667,1.21666666666667,24,4.20782482429066,0.27323871823279
126,DKQEGEWPTGLRLSRIGGI,0.935295295,0.044553749,0.020150956,,29,0,0,0.0526315789473684,0.105263157894737,0,0.210526315789474,0,0.105263157894737,0.0526315789473684,0.105263157894737,0,0,0.0526315789473684,0.0526315789473684,0.105263157894737,0.0526315789473684,0.0526315789473684,0,0.0526315789473684,0,-0.836842105263158,19,6.18207470915336,0.160420590201151
127,DKQEGEWPTGLRLSRIGGI,0.930270677,0.049047507,0.020681815,,29,0,0,0.0526315789473684,0.105263157894737,0,0.210526315789474,0,0.105263157894737,0.0526315789473684,0.105263157894737,0,0,0.0526315789473684,0.0526315789473684,0.105263157894737,0.0526315789473684,0.0526315789473684,0,0.0526315789473684,0,-0.836842105263158,19,6.18207470915336,0.160420590201151
128,DKQEGEWPTGLRLSRIGGI,0.954951322,0.002170371,0.042878308,,29,0,0,0.0526315789473684,0.105263157894737,0,0.210526315789474,0,0.105263157894737,0.0526315789473684,0.105263157894737,0,0,0.0526315789473684,0.0526315789473684,0.105263157894737,0.0526315789473684,0.0526315789473684,0,0.0526315789473684,0,-0.836842105263158,19,6.18207470915336,0.160420590201151
129,DKQEGEWPTGLRLSRIGGI,0.951629438,0.027703677,0.020666886,,29,0,0,0.0526315789473684,0.105263157894737,0,0.210526315789474,0,0.105263157894737,0.0526315789473684,0.105263157894737,0,0,0.0526315789473684,0.0526315789473684,0.105263157894737,0.0526315789473684,0.0526315789473684,0,0.0526315789473684,0,-0.836842105263158,19,6.18207470915336,0.160420590201151
130,WARYADWLFTVVVLLLLDLLALLV,0.050535507,0.502731662,0.446732831,,30,0.125,0,0.0833333333333333,0,0.0416666666666667,0,0,0,0,0.375,0,0,0,0,0.0416666666666667,0,0.0416666666666667,0.166666666666667,0.0833333333333333,0.0416666666666667,1.82916666666667,24,4.20782482429066,0.303565133507982
131,WARYADWLFTVVVLLLLDLLALLV,0.030753737,0.582917677,0.386328586,,30,0.125,0,0.0833333333333333,0,0.0416666666666667,0,0,0,0,0.375,0,0,0,0,0.0416666666666667,0,0.0416666666666667,0.166666666666667,0.0833333333333333,0.0416666666666667,1.82916666666667,24,4.20782482429066,0.303565133507982
132,WARYADWLFTVVVLLLLDLLALLV,0.007112987,0.517983198,0.474903814,,30,0.125,0,0.0833333333333333,0,0.0416666666666667,0,0,0,0,0.375,0,0,0,0,0.0416666666666667,0,0.0416666666666667,0.166666666666667,0.0833333333333333,0.0416666666666667,1.82916666666667,24,4.20782482429066,0.303565133507982
133,WARYADWLFTVVVLLLLDLLALLV,0.006312677,0.549060219,0.444627104,,30,0.125,0,0.0833333333333333,0,0.0416666666666667,0,0,0,0,0.375,0,0,0,0,0.0416666666666667,0,0.0416666666666667,0.166666666666667,0.0833333333333333,0.0416666666666667,1.82916666666667,24,4.20782482429066,0.303565133507982
134,WARYADWLFTDLPLLLLDLLALLV,0.213200789,0.533156505,0.253642705,,31,0.125,0,0.125,0,0.0416666666666667,0,0,0,0,0.416666666666667,0,0,0.0416666666666667,0,0.0416666666666667,0,0.0416666666666667,0.0416666666666667,0.0833333333333333,0.0416666666666667,1.25,24,3.92993952499079,0.332391674388379
135,WARYADWLFTDLPLLLLDLLALLV,0.184296848,0.55668994,0.259013212,,31,0.125,0,0.125,0,0.0416666666666667,0,0,0,0,0.416666666666667,0,0,0.0416666666666667,0,0.0416666666666667,0,0.0416666666666667,0.0416666666666667,0.0833333333333333,0.0416666666666667,1.25,24,3.92993952499079,0.332391674388379
136,WARYADWLFTDLPLLLLDLLALLV,0.303600898,0.342995123,0.353403979,,31,0.125,0,0.125,0,0.0416666666666667,0,0,0,0,0.416666666666667,0,0,0.0416666666666667,0,0.0416666666666667,0,0.0416666666666667,0.0416666666666667,0.0833333333333333,0.0416666666666667,1.25,24,3.92993952499079,0.332391674388379
137,WARYADWLFTWWWLLLLDLLALLV,0.010058862,0.628157048,0.36178409,,32,0.125,0,0.0833333333333333,0,0.0416666666666667,0,0,0,0,0.375,0,0,0,0,0.0416666666666667,0,0.0416666666666667,0.0416666666666667,0.208333333333333,0.0416666666666667,1.19166666666667,24,4.20782482429066,0.296311410146112
138,WARYADWLFTWWWLLLLDLLALLV,0.016136377,0.730433577,0.253430046,,32,0.125,0,0.0833333333333333,0,0.0416666666666667,0,0,0,0,0.375,0,0,0,0,0.0416666666666667,0,0.0416666666666667,0.0416666666666667,0.208333333333333,0.0416666666666667,1.19166666666667,24,4.20782482429066,0.296311410146112
139,WARYADWLFTWWWLLLLDLLALLV,0.03363797,0.739047873,0.227314157,,32,0.125,0,0.0833333333333333,0,0.0416666666666667,0,0,0,0,0.375,0,0,0,0,0.0416666666666667,0,0.0416666666666667,0.0416666666666667,0.208333333333333,0.0416666666666667,1.19166666666667,24,4.20782482429066,0.296311410146112
140,WARYADWLFTWWWLLLLDLLALLV,0.004341274,0.733301926,0.2623568,,32,0.125,0,0.0833333333333333,0,0.0416666666666667,0,0,0,0,0.375,0,0,0,0,0.0416666666666667,0,0.0416666666666667,0.0416666666666667,0.208333333333333,0.0416666666666667,1.19166666666667,24,4.20782482429066,0.296311410146112
141,WARYADWLFTYYYLLLLDLLALLV,0.154386882,0.491229516,0.354383602,,33,0.125,0,0.0833333333333333,0,0.0416666666666667,0,0,0,0,0.375,0,0,0,0,0.0416666666666667,0,0.0416666666666667,0.0416666666666667,0.0833333333333333,0.166666666666667,1.14166666666667,24,4.20782149709377,0.281549610985654
142,WARYADWLFTYYYLLLLDLLALLV,0.13948015,0.469507761,0.391012089,,33,0.125,0,0.0833333333333333,0,0.0416666666666667,0,0,0,0,0.375,0,0,0,0,0.0416666666666667,0,0.0416666666666667,0.0416666666666667,0.0833333333333333,0.166666666666667,1.14166666666667,24,4.20782149709377,0.281549610985654
143,WARYADWLFTYYYLLLLDLLALLV,0.163622739,0.443678368,0.392698892,,33,0.125,0,0.0833333333333333,0,0.0416666666666667,0,0,0,0,0.375,0,0,0,0,0.0416666666666667,0,0.0416666666666667,0.0416666666666667,0.0833333333333333,0.166666666666667,1.14166666666667,24,4.20782149709377,0.281549610985654
144,WARYADWLFTYYYLLLLDLLALLV,0.181451578,0.535064783,0.28348364,,33,0.125,0,0.0833333333333333,0,0.0416666666666667,0,0,0,0,0.375,0,0,0,0,0.0416666666666667,0,0.0416666666666667,0.0416666666666667,0.0833333333333333,0.166666666666667,1.14166666666667,24,4.20782149709377,0.281549610985654
